{
  "manifestVersion": "3.2",
  "admin": {
    "address": "0x23390c6DbBA479C8F4b430d44ce59fCCfEbc9b42",
    "txHash": "0x020e039979e4ccb0791b7c809608e16cbb2ea50b850776e00250c861bb9b8f61"
  },
  "proxies": [
    {
      "address": "0xA9dAE821a589C0E50fEf3596D667Af54023713F7",
      "txHash": "0xa53f2f309448f5eb643434e153f928e158ddd57251f88022809aa8d3f6a072aa",
      "kind": "transparent"
    },
    {
      "address": "0xB761813E1bae882CB2e7D49144b1af51D4D7876F",
      "txHash": "0x37b5e9a52654814b641e22d150d75f2c61ea007758f41c037444b23fc8ab8f1d",
      "kind": "transparent"
    }
  ],
  "impls": {
    "d87194a9ebb6bd263270c816c1e1bb9af96bec990beb68f19f99ac03c6992e55": {
      "address": "0xefe8Fd12D72AD146BD0b40B9164059c773fEC3Cf",
      "txHash": "0x59b05d8072a58b1f33d312ca837dbe7ca92a2fd0ac37ae410a55f80deffa95ff",
      "layout": {
        "solcVersion": "0.8.17",
        "storage": [
          {
            "label": "_initialized",
            "offset": 0,
            "slot": "0",
            "type": "t_uint8",
            "contract": "Initializable",
            "src": "@openzeppelin\\contracts-upgradeable\\proxy\\utils\\Initializable.sol:62",
            "retypedFrom": "bool"
          },
          {
            "label": "_initializing",
            "offset": 1,
            "slot": "0",
            "type": "t_bool",
            "contract": "Initializable",
            "src": "@openzeppelin\\contracts-upgradeable\\proxy\\utils\\Initializable.sol:67"
          },
          {
            "label": "__gap",
            "offset": 0,
            "slot": "1",
            "type": "t_array(t_uint256)50_storage",
            "contract": "ContextUpgradeable",
            "src": "@openzeppelin\\contracts-upgradeable\\utils\\ContextUpgradeable.sol:36"
          },
          {
            "label": "__gap",
            "offset": 0,
            "slot": "51",
            "type": "t_array(t_uint256)50_storage",
            "contract": "ERC165Upgradeable",
            "src": "@openzeppelin\\contracts-upgradeable\\utils\\introspection\\ERC165Upgradeable.sol:41"
          },
          {
            "label": "_name",
            "offset": 0,
            "slot": "101",
            "type": "t_string_storage",
            "contract": "ERC721Upgradeable",
            "src": "@openzeppelin\\contracts-upgradeable\\token\\ERC721\\ERC721Upgradeable.sol:25"
          },
          {
            "label": "_symbol",
            "offset": 0,
            "slot": "102",
            "type": "t_string_storage",
            "contract": "ERC721Upgradeable",
            "src": "@openzeppelin\\contracts-upgradeable\\token\\ERC721\\ERC721Upgradeable.sol:28"
          },
          {
            "label": "_owners",
            "offset": 0,
            "slot": "103",
            "type": "t_mapping(t_uint256,t_address)",
            "contract": "ERC721Upgradeable",
            "src": "@openzeppelin\\contracts-upgradeable\\token\\ERC721\\ERC721Upgradeable.sol:31"
          },
          {
            "label": "_balances",
            "offset": 0,
            "slot": "104",
            "type": "t_mapping(t_address,t_uint256)",
            "contract": "ERC721Upgradeable",
            "src": "@openzeppelin\\contracts-upgradeable\\token\\ERC721\\ERC721Upgradeable.sol:34"
          },
          {
            "label": "_tokenApprovals",
            "offset": 0,
            "slot": "105",
            "type": "t_mapping(t_uint256,t_address)",
            "contract": "ERC721Upgradeable",
            "src": "@openzeppelin\\contracts-upgradeable\\token\\ERC721\\ERC721Upgradeable.sol:37"
          },
          {
            "label": "_operatorApprovals",
            "offset": 0,
            "slot": "106",
            "type": "t_mapping(t_address,t_mapping(t_address,t_bool))",
            "contract": "ERC721Upgradeable",
            "src": "@openzeppelin\\contracts-upgradeable\\token\\ERC721\\ERC721Upgradeable.sol:40"
          },
          {
            "label": "__gap",
            "offset": 0,
            "slot": "107",
            "type": "t_array(t_uint256)44_storage",
            "contract": "ERC721Upgradeable",
            "src": "@openzeppelin\\contracts-upgradeable\\token\\ERC721\\ERC721Upgradeable.sol:465"
          },
          {
            "label": "_roles",
            "offset": 0,
            "slot": "151",
            "type": "t_mapping(t_bytes32,t_struct(RoleData)34_storage)",
            "contract": "AccessControlUpgradeable",
            "src": "@openzeppelin\\contracts-upgradeable\\access\\AccessControlUpgradeable.sol:61"
          },
          {
            "label": "__gap",
            "offset": 0,
            "slot": "152",
            "type": "t_array(t_uint256)49_storage",
            "contract": "AccessControlUpgradeable",
            "src": "@openzeppelin\\contracts-upgradeable\\access\\AccessControlUpgradeable.sol:259"
          },
          {
            "label": "_tokenIdCounter",
            "offset": 0,
            "slot": "201",
            "type": "t_struct(Counter)2189_storage",
            "contract": "MyTokenUpgradable",
            "src": "contracts\\MyTokenUpgradable.sol:19"
          }
        ],
        "types": {
          "t_address": {
            "label": "address",
            "numberOfBytes": "20"
          },
          "t_array(t_uint256)44_storage": {
            "label": "uint256[44]",
            "numberOfBytes": "1408"
          },
          "t_array(t_uint256)49_storage": {
            "label": "uint256[49]",
            "numberOfBytes": "1568"
          },
          "t_array(t_uint256)50_storage": {
            "label": "uint256[50]",
            "numberOfBytes": "1600"
          },
          "t_bool": {
            "label": "bool",
            "numberOfBytes": "1"
          },
          "t_bytes32": {
            "label": "bytes32",
            "numberOfBytes": "32"
          },
          "t_mapping(t_address,t_bool)": {
            "label": "mapping(address => bool)",
            "numberOfBytes": "32"
          },
          "t_mapping(t_address,t_mapping(t_address,t_bool))": {
            "label": "mapping(address => mapping(address => bool))",
            "numberOfBytes": "32"
          },
          "t_mapping(t_address,t_uint256)": {
            "label": "mapping(address => uint256)",
            "numberOfBytes": "32"
          },
          "t_mapping(t_bytes32,t_struct(RoleData)34_storage)": {
            "label": "mapping(bytes32 => struct AccessControlUpgradeable.RoleData)",
            "numberOfBytes": "32"
          },
          "t_mapping(t_uint256,t_address)": {
            "label": "mapping(uint256 => address)",
            "numberOfBytes": "32"
          },
          "t_string_storage": {
            "label": "string",
            "numberOfBytes": "32"
          },
          "t_struct(Counter)2189_storage": {
            "label": "struct Counters.Counter",
            "members": [
              {
                "label": "_value",
                "type": "t_uint256",
                "offset": 0,
                "slot": "0"
              }
            ],
            "numberOfBytes": "32"
          },
          "t_struct(RoleData)34_storage": {
            "label": "struct AccessControlUpgradeable.RoleData",
            "members": [
              {
                "label": "members",
                "type": "t_mapping(t_address,t_bool)",
                "offset": 0,
                "slot": "0"
              },
              {
                "label": "adminRole",
                "type": "t_bytes32",
                "offset": 0,
                "slot": "1"
              }
            ],
            "numberOfBytes": "64"
          },
          "t_uint256": {
            "label": "uint256",
            "numberOfBytes": "32"
          },
          "t_uint8": {
            "label": "uint8",
            "numberOfBytes": "1"
          }
        }
      }
    },
    "e9a333670a2bcf601220de9722c7812fc44c428a8dc8e639c190d08013c8e948": {
      "address": "0x525cc4f42fAB628870c3bd78Fa82CF6C54AA4BcC",
      "txHash": "0xd7e2d197a5381a45501cb6fbafe0891424570028ba5a2e91bed651ff6e7df12a",
      "layout": {
        "solcVersion": "0.8.17",
        "storage": [
          {
            "label": "_initialized",
            "offset": 0,
            "slot": "0",
            "type": "t_uint8",
            "contract": "Initializable",
            "src": "@openzeppelin\\contracts-upgradeable\\proxy\\utils\\Initializable.sol:62",
            "retypedFrom": "bool"
          },
          {
            "label": "_initializing",
            "offset": 1,
            "slot": "0",
            "type": "t_bool",
            "contract": "Initializable",
            "src": "@openzeppelin\\contracts-upgradeable\\proxy\\utils\\Initializable.sol:67"
          },
          {
            "label": "__gap",
            "offset": 0,
            "slot": "1",
            "type": "t_array(t_uint256)50_storage",
            "contract": "ContextUpgradeable",
            "src": "@openzeppelin\\contracts-upgradeable\\utils\\ContextUpgradeable.sol:36"
          },
          {
            "label": "_owner",
            "offset": 0,
            "slot": "51",
            "type": "t_address",
            "contract": "OwnableUpgradeable",
            "src": "@openzeppelin\\contracts-upgradeable\\access\\OwnableUpgradeable.sol:22"
          },
          {
            "label": "__gap",
            "offset": 0,
            "slot": "52",
            "type": "t_array(t_uint256)49_storage",
            "contract": "OwnableUpgradeable",
            "src": "@openzeppelin\\contracts-upgradeable\\access\\OwnableUpgradeable.sol:94"
          },
          {
            "label": "_status",
            "offset": 0,
            "slot": "101",
            "type": "t_uint256",
            "contract": "ReentrancyGuardUpgradeable",
            "src": "@openzeppelin\\contracts-upgradeable\\security\\ReentrancyGuardUpgradeable.sol:38"
          },
          {
            "label": "__gap",
            "offset": 0,
            "slot": "102",
            "type": "t_array(t_uint256)49_storage",
            "contract": "ReentrancyGuardUpgradeable",
            "src": "@openzeppelin\\contracts-upgradeable\\security\\ReentrancyGuardUpgradeable.sol:74"
          },
          {
            "label": "nft",
            "offset": 0,
            "slot": "151",
            "type": "t_contract(IMyToken)634",
            "contract": "UpgradablePresale",
            "src": "contracts\\UpgradablePreSale.sol:15"
          },
          {
            "label": "preSale",
            "offset": 0,
            "slot": "152",
            "type": "t_struct(PreSale)660_storage",
            "contract": "UpgradablePresale",
            "src": "contracts\\UpgradablePreSale.sol:24"
          },
          {
            "label": "totalfees",
            "offset": 0,
            "slot": "158",
            "type": "t_uint256",
            "contract": "UpgradablePresale",
            "src": "contracts\\UpgradablePreSale.sol:31"
          },
          {
            "label": "counter",
            "offset": 0,
            "slot": "159",
            "type": "t_struct(Counters)670_storage",
            "contract": "UpgradablePresale",
            "src": "contracts\\UpgradablePreSale.sol:33"
          },
          {
            "label": "nftminted",
            "offset": 0,
            "slot": "162",
            "type": "t_mapping(t_address,t_uint256)",
            "contract": "UpgradablePresale",
            "src": "contracts\\UpgradablePreSale.sol:34"
          }
        ],
        "types": {
          "t_address": {
            "label": "address",
            "numberOfBytes": "20"
          },
          "t_array(t_uint256)49_storage": {
            "label": "uint256[49]",
            "numberOfBytes": "1568"
          },
          "t_array(t_uint256)50_storage": {
            "label": "uint256[50]",
            "numberOfBytes": "1600"
          },
          "t_bool": {
            "label": "bool",
            "numberOfBytes": "1"
          },
          "t_contract(IMyToken)634": {
            "label": "contract IMyToken",
            "numberOfBytes": "20"
          },
          "t_mapping(t_address,t_uint256)": {
            "label": "mapping(address => uint256)",
            "numberOfBytes": "32"
          },
          "t_struct(Counters)670_storage": {
            "label": "struct UpgradablePresale.Counters",
            "members": [
              {
                "label": "nftCount",
                "type": "t_uint256",
                "offset": 0,
                "slot": "0"
              },
              {
                "label": "totalNft",
                "type": "t_uint256",
                "offset": 0,
                "slot": "1"
              },
              {
                "label": "totalSupply",
                "type": "t_uint256",
                "offset": 0,
                "slot": "2"
              }
            ],
            "numberOfBytes": "96"
          },
          "t_struct(PreSale)660_storage": {
            "label": "struct UpgradablePresale.PreSale",
            "members": [
              {
                "label": "starttime",
                "type": "t_uint256",
                "offset": 0,
                "slot": "0"
              },
              {
                "label": "endtime",
                "type": "t_uint256",
                "offset": 0,
                "slot": "1"
              },
              {
                "label": "maxNftPerAddress",
                "type": "t_uint256",
                "offset": 0,
                "slot": "2"
              },
              {
                "label": "maxPreSaleNft",
                "type": "t_uint256",
                "offset": 0,
                "slot": "3"
              },
              {
                "label": "supply",
                "type": "t_uint256",
                "offset": 0,
                "slot": "4"
              },
              {
                "label": "listingFees",
                "type": "t_uint256",
                "offset": 0,
                "slot": "5"
              }
            ],
            "numberOfBytes": "192"
          },
          "t_uint256": {
            "label": "uint256",
            "numberOfBytes": "32"
          },
          "t_uint8": {
            "label": "uint8",
            "numberOfBytes": "1"
          }
        }
      }
    },
    "1c27b1e1d9aa8242513a4e3e47bc13f668625634823f96bf0cfc65a7fa1e05ba": {
      "address": "0x9C9BFEeB9394CfDB2Ed50ac8CCeB8A0419B94849",
      "txHash": "0x53a583d37e9be077d7da6caf1348ebb85e9342242f7af68efb36158ca295c0b9",
      "layout": {
        "solcVersion": "0.8.17",
        "storage": [
          {
            "label": "_initialized",
            "offset": 0,
            "slot": "0",
            "type": "t_uint8",
            "contract": "Initializable",
            "src": "@openzeppelin\\contracts-upgradeable\\proxy\\utils\\Initializable.sol:62",
            "retypedFrom": "bool"
          },
          {
            "label": "_initializing",
            "offset": 1,
            "slot": "0",
            "type": "t_bool",
            "contract": "Initializable",
            "src": "@openzeppelin\\contracts-upgradeable\\proxy\\utils\\Initializable.sol:67"
          },
          {
            "label": "__gap",
            "offset": 0,
            "slot": "1",
            "type": "t_array(t_uint256)50_storage",
            "contract": "ContextUpgradeable",
            "src": "@openzeppelin\\contracts-upgradeable\\utils\\ContextUpgradeable.sol:36"
          },
          {
            "label": "_owner",
            "offset": 0,
            "slot": "51",
            "type": "t_address",
            "contract": "OwnableUpgradeable",
            "src": "@openzeppelin\\contracts-upgradeable\\access\\OwnableUpgradeable.sol:22"
          },
          {
            "label": "__gap",
            "offset": 0,
            "slot": "52",
            "type": "t_array(t_uint256)49_storage",
            "contract": "OwnableUpgradeable",
            "src": "@openzeppelin\\contracts-upgradeable\\access\\OwnableUpgradeable.sol:94"
          },
          {
            "label": "_status",
            "offset": 0,
            "slot": "101",
            "type": "t_uint256",
            "contract": "ReentrancyGuardUpgradeable",
            "src": "@openzeppelin\\contracts-upgradeable\\security\\ReentrancyGuardUpgradeable.sol:38"
          },
          {
            "label": "__gap",
            "offset": 0,
            "slot": "102",
            "type": "t_array(t_uint256)49_storage",
            "contract": "ReentrancyGuardUpgradeable",
            "src": "@openzeppelin\\contracts-upgradeable\\security\\ReentrancyGuardUpgradeable.sol:74"
          },
          {
            "label": "nft",
            "offset": 0,
            "slot": "151",
            "type": "t_contract(IMyToken)2583",
            "contract": "UpgradablePresaleV2",
            "src": "contracts\\UpgradablePreSaleV2.sol:15"
          },
          {
            "label": "preSale",
            "offset": 0,
            "slot": "152",
            "type": "t_struct(PreSale)3022_storage",
            "contract": "UpgradablePresaleV2",
            "src": "contracts\\UpgradablePreSaleV2.sol:24"
          },
          {
            "label": "totalfees",
            "offset": 0,
            "slot": "158",
            "type": "t_uint256",
            "contract": "UpgradablePresaleV2",
            "src": "contracts\\UpgradablePreSaleV2.sol:31"
          },
          {
            "label": "counter",
            "offset": 0,
            "slot": "159",
            "type": "t_struct(Counters)3032_storage",
            "contract": "UpgradablePresaleV2",
            "src": "contracts\\UpgradablePreSaleV2.sol:33"
          },
          {
            "label": "nftminted",
            "offset": 0,
            "slot": "162",
            "type": "t_mapping(t_address,t_uint256)",
            "contract": "UpgradablePresaleV2",
            "src": "contracts\\UpgradablePreSaleV2.sol:34"
          }
        ],
        "types": {
          "t_address": {
            "label": "address",
            "numberOfBytes": "20"
          },
          "t_array(t_uint256)49_storage": {
            "label": "uint256[49]",
            "numberOfBytes": "1568"
          },
          "t_array(t_uint256)50_storage": {
            "label": "uint256[50]",
            "numberOfBytes": "1600"
          },
          "t_bool": {
            "label": "bool",
            "numberOfBytes": "1"
          },
          "t_contract(IMyToken)2583": {
            "label": "contract IMyToken",
            "numberOfBytes": "20"
          },
          "t_mapping(t_address,t_uint256)": {
            "label": "mapping(address => uint256)",
            "numberOfBytes": "32"
          },
          "t_struct(Counters)3032_storage": {
            "label": "struct UpgradablePresaleV2.Counters",
            "members": [
              {
                "label": "nftCount",
                "type": "t_uint256",
                "offset": 0,
                "slot": "0"
              },
              {
                "label": "totalNft",
                "type": "t_uint256",
                "offset": 0,
                "slot": "1"
              },
              {
                "label": "totalSupply",
                "type": "t_uint256",
                "offset": 0,
                "slot": "2"
              }
            ],
            "numberOfBytes": "96"
          },
          "t_struct(PreSale)3022_storage": {
            "label": "struct UpgradablePresaleV2.PreSale",
            "members": [
              {
                "label": "starttime",
                "type": "t_uint256",
                "offset": 0,
                "slot": "0"
              },
              {
                "label": "endtime",
                "type": "t_uint256",
                "offset": 0,
                "slot": "1"
              },
              {
                "label": "maxNftPerAddress",
                "type": "t_uint256",
                "offset": 0,
                "slot": "2"
              },
              {
                "label": "maxPreSaleNft",
                "type": "t_uint256",
                "offset": 0,
                "slot": "3"
              },
              {
                "label": "supply",
                "type": "t_uint256",
                "offset": 0,
                "slot": "4"
              },
              {
                "label": "listingFees",
                "type": "t_uint256",
                "offset": 0,
                "slot": "5"
              }
            ],
            "numberOfBytes": "192"
          },
          "t_uint256": {
            "label": "uint256",
            "numberOfBytes": "32"
          },
          "t_uint8": {
            "label": "uint8",
            "numberOfBytes": "1"
          }
        }
      }
    },
    "9be3d29b28d24d69cfe27c18feee9d6f972f9697a3f695a9d5fd49522566a757": {
      "address": "0xd424e3B40E237d847c030e396321554660Ed15f0",
      "txHash": "0x11bf14fd235b9c5798775e35c4936f95baa8acc0400b7014b2d6513b5c8e9b4f",
      "layout": {
        "solcVersion": "0.8.17",
        "storage": [
          {
            "label": "_initialized",
            "offset": 0,
            "slot": "0",
            "type": "t_uint8",
            "contract": "Initializable",
            "src": "@openzeppelin\\contracts-upgradeable\\proxy\\utils\\Initializable.sol:62",
            "retypedFrom": "bool"
          },
          {
            "label": "_initializing",
            "offset": 1,
            "slot": "0",
            "type": "t_bool",
            "contract": "Initializable",
            "src": "@openzeppelin\\contracts-upgradeable\\proxy\\utils\\Initializable.sol:67"
          },
          {
            "label": "__gap",
            "offset": 0,
            "slot": "1",
            "type": "t_array(t_uint256)50_storage",
            "contract": "ContextUpgradeable",
            "src": "@openzeppelin\\contracts-upgradeable\\utils\\ContextUpgradeable.sol:36"
          },
          {
            "label": "__gap",
            "offset": 0,
            "slot": "51",
            "type": "t_array(t_uint256)50_storage",
            "contract": "ERC165Upgradeable",
            "src": "@openzeppelin\\contracts-upgradeable\\utils\\introspection\\ERC165Upgradeable.sol:41"
          },
          {
            "label": "_name",
            "offset": 0,
            "slot": "101",
            "type": "t_string_storage",
            "contract": "ERC721Upgradeable",
            "src": "@openzeppelin\\contracts-upgradeable\\token\\ERC721\\ERC721Upgradeable.sol:25"
          },
          {
            "label": "_symbol",
            "offset": 0,
            "slot": "102",
            "type": "t_string_storage",
            "contract": "ERC721Upgradeable",
            "src": "@openzeppelin\\contracts-upgradeable\\token\\ERC721\\ERC721Upgradeable.sol:28"
          },
          {
            "label": "_owners",
            "offset": 0,
            "slot": "103",
            "type": "t_mapping(t_uint256,t_address)",
            "contract": "ERC721Upgradeable",
            "src": "@openzeppelin\\contracts-upgradeable\\token\\ERC721\\ERC721Upgradeable.sol:31"
          },
          {
            "label": "_balances",
            "offset": 0,
            "slot": "104",
            "type": "t_mapping(t_address,t_uint256)",
            "contract": "ERC721Upgradeable",
            "src": "@openzeppelin\\contracts-upgradeable\\token\\ERC721\\ERC721Upgradeable.sol:34"
          },
          {
            "label": "_tokenApprovals",
            "offset": 0,
            "slot": "105",
            "type": "t_mapping(t_uint256,t_address)",
            "contract": "ERC721Upgradeable",
            "src": "@openzeppelin\\contracts-upgradeable\\token\\ERC721\\ERC721Upgradeable.sol:37"
          },
          {
            "label": "_operatorApprovals",
            "offset": 0,
            "slot": "106",
            "type": "t_mapping(t_address,t_mapping(t_address,t_bool))",
            "contract": "ERC721Upgradeable",
            "src": "@openzeppelin\\contracts-upgradeable\\token\\ERC721\\ERC721Upgradeable.sol:40"
          },
          {
            "label": "__gap",
            "offset": 0,
            "slot": "107",
            "type": "t_array(t_uint256)44_storage",
            "contract": "ERC721Upgradeable",
            "src": "@openzeppelin\\contracts-upgradeable\\token\\ERC721\\ERC721Upgradeable.sol:465"
          },
          {
            "label": "_roles",
            "offset": 0,
            "slot": "151",
            "type": "t_mapping(t_bytes32,t_struct(RoleData)34_storage)",
            "contract": "AccessControlUpgradeable",
            "src": "@openzeppelin\\contracts-upgradeable\\access\\AccessControlUpgradeable.sol:61"
          },
          {
            "label": "__gap",
            "offset": 0,
            "slot": "152",
            "type": "t_array(t_uint256)49_storage",
            "contract": "AccessControlUpgradeable",
            "src": "@openzeppelin\\contracts-upgradeable\\access\\AccessControlUpgradeable.sol:259"
          },
          {
            "label": "_tokenIdCounter",
            "offset": 0,
            "slot": "201",
            "type": "t_struct(Counter)2189_storage",
            "contract": "MyTokenUpgradableV2",
            "src": "contracts\\MyTokenUpgradableV2.sol:20"
          }
        ],
        "types": {
          "t_address": {
            "label": "address",
            "numberOfBytes": "20"
          },
          "t_array(t_uint256)44_storage": {
            "label": "uint256[44]",
            "numberOfBytes": "1408"
          },
          "t_array(t_uint256)49_storage": {
            "label": "uint256[49]",
            "numberOfBytes": "1568"
          },
          "t_array(t_uint256)50_storage": {
            "label": "uint256[50]",
            "numberOfBytes": "1600"
          },
          "t_bool": {
            "label": "bool",
            "numberOfBytes": "1"
          },
          "t_bytes32": {
            "label": "bytes32",
            "numberOfBytes": "32"
          },
          "t_mapping(t_address,t_bool)": {
            "label": "mapping(address => bool)",
            "numberOfBytes": "32"
          },
          "t_mapping(t_address,t_mapping(t_address,t_bool))": {
            "label": "mapping(address => mapping(address => bool))",
            "numberOfBytes": "32"
          },
          "t_mapping(t_address,t_uint256)": {
            "label": "mapping(address => uint256)",
            "numberOfBytes": "32"
          },
          "t_mapping(t_bytes32,t_struct(RoleData)34_storage)": {
            "label": "mapping(bytes32 => struct AccessControlUpgradeable.RoleData)",
            "numberOfBytes": "32"
          },
          "t_mapping(t_uint256,t_address)": {
            "label": "mapping(uint256 => address)",
            "numberOfBytes": "32"
          },
          "t_string_storage": {
            "label": "string",
            "numberOfBytes": "32"
          },
          "t_struct(Counter)2189_storage": {
            "label": "struct Counters.Counter",
            "members": [
              {
                "label": "_value",
                "type": "t_uint256",
                "offset": 0,
                "slot": "0"
              }
            ],
            "numberOfBytes": "32"
          },
          "t_struct(RoleData)34_storage": {
            "label": "struct AccessControlUpgradeable.RoleData",
            "members": [
              {
                "label": "members",
                "type": "t_mapping(t_address,t_bool)",
                "offset": 0,
                "slot": "0"
              },
              {
                "label": "adminRole",
                "type": "t_bytes32",
                "offset": 0,
                "slot": "1"
              }
            ],
            "numberOfBytes": "64"
          },
          "t_uint256": {
            "label": "uint256",
            "numberOfBytes": "32"
          },
          "t_uint8": {
            "label": "uint8",
            "numberOfBytes": "1"
          }
        }
      }
    }
  }
}
